date,pos,name,flag,score,diff,wld,eff,opps,aor
2025-07-29,1,Winner,US,825.6,+6.7,113/32/5,77.0,59,558.2
2025-07-29,2,sevenseas,GB,809.7,+2.6,72/10/1,87.3,55,381.7
2025-07-29,3,OVERL0RD,GR,808.5,+2.1,97/26/2,78.4,57,547.0
2025-07-29,4,Losermaker,AU,807.1,25,73/10/3,86.6,56,456.2
2025-07-29,5,Hielco,NL,734.9,3,20/9/1,68.3,20,566.9
2025-07-29,6,Hyperfocus,NL,686.5,2,42/7/0,85.7,37,335.8
2025-07-29,7,Napoleon 1er,CH,670.9,-17.9,67/19/4,76.7,51,439.8
2025-07-29,8,TrueAim,NL,656.2,25,24/4/0,85.7,25,392.3
2025-07-29,9,kamikaze,GB-SCT,646.0,2,201/97/6,67.1,80,497.2
2025-07-29,10,Maelstrom,CA,643.3,1,199/90/4,68.6,99,489.9
2025-07-29,11,tonylaw44,GR,639.2,+48.3,1102/371/10,74.6,247,355.4
2025-07-29,12,Sekertzis1973,GR,638.2,+24.9,516/170/19,74.5,174,452.2
2025-07-29,13,Eagle06,CH,624.6,+4.8,142/37/8,78.1,111,376.8
2025-07-29,14,gkaros,GR,620.6,+26.8,470/163/10,73.9,142,414.9
2025-07-29,15,Garulfo,NL,617.8,2,72/41/1,63.6,61,526.5
2025-07-29,16,Spion…,NL,613.9,9,22/10/0,68.8,26,471.5
2025-07-29,17,BFG,NL,610.5,13,35/19/0,64.8,39,495.2
2025-07-29,18,Samuel,GB,601.8,2,509/344/13,59.5,176,424.8
2025-07-29,19,Nemesis,US,596.5,+16.0,177/131/8,57.3,116,531.2
2025-07-29,20,Nikolakos,GR,586.0,8,109/80/1,57.6,86,511.9
2025-07-29,21,KingTubby,JM,584.2,-4.6,310/135/6,69.4,172,368.1
2025-07-29,22,Jenna Jameson,NL,581.7,+2.7,55/5/1,91.0,40,178.4
2025-07-29,23,Spartacus,NL,572.3,+1.1,71/23/3,74.7,50,356.0
2025-07-29,24,mvw,BE,570.2,5,26/5/0,83.9,28,227.6
2025-07-29,25,Marcy_Regina_Wu,US,568.9,10,9/6/0,60.0,10,619.7
2025-07-29,26,guibui,DE,565.6,+35.7,603/142/5,80.7,221,271.7
2025-07-29,27,Mirage,AU,564.2,4,266/148/5,64.1,117,498.2
2025-07-29,28,Akaboom,DE,562.7,1,332/194/8,62.9,159,399.5
2025-07-29,29,zach21,US,554.8,+22.1,170/105/6,61.6,77,475.7
2025-07-29,30,Skyfall,BE,550.5,+23.2,460/145/7,75.7,241,324.0
2025-07-29,31,Dullahan,CZ,541.9,5,14/6/0,70.0,16,354.2
2025-07-29,32,Don Mitsos,GR,540.5,+15.8,454/257/13,63.6,154,418.1
2025-07-29,33,SETTLER,TZ,534.9,+29.3,587/404/12,59.1,183,382.9
2025-07-29,34,EmbracingRacialUnity.org,US,534.5,+3.5,85/24/3,77.2,79,300.3
2025-07-29,35,panther65,DE,534.4,+8.1,21/14/1,59.7,27,421.4
2025-07-29,36,Frosty :),US,534.3,2,100/85/3,54.0,47,556.8
2025-07-29,37,banana_hammock,US,534.2,+11.9,472/220/19,67.7,200,338.8
2025-07-29,38,Karolus,PL,533.3,1,31/33/0,48.4,47,528.8
2025-07-29,39,PEACE,UA,533.0,2,1241/432/27,73.8,254,364.9
2025-07-29,40,Grizzlybear,DE,525.2,1,85/43/5,65.8,79,388.7
2025-07-29,41,Kanonenkeks,DE,519.4,+1.3,302/162/8,64.8,173,342.7
2025-07-29,42,Odo,NL,517.5,+6.8,151/92/5,61.9,126,337.2
2025-07-29,43,recar,US,514.5,2,122/46/6,71.8,51,329.1
2025-07-29,44,NoChance,DE,514.0,+0.9,14/7/0,66.7,20,371.9
2025-07-29,45,Stelios,GR,508.7,2,71/37/1,65.6,61,386.4
2025-07-29,46,Mastermind,ZZ,508.0,+3.9,288/260/12,52.5,146,439.3
2025-07-29,47,BARBARIANS,GI,503.6,+4.6,172/81/0,68.0,131,328.3
2025-07-29,48,roeczak,GR,503.6,12,14/14/0,50.0,22,508.3
2025-07-29,49,Lottorush,US,503.5,-13.6,887/389/18,69.2,217,370.4
2025-07-29,50,Kant,PG,500.7,8,18/12/2,59.4,27,371.4
2025-07-29,51,WTF,GR,497.2,+31.5,357/189/4,65.3,186,318.5
2025-07-29,52,Pericoperez,ES,497.1,19,64/49/2,56.5,70,419.8
2025-07-29,53,Donnafugata,IT,495.7,8,224/61/4,78.2,162,216.7
2025-07-29,54,mirmidonas,GR,494.3,7,120/39/1,75.3,69,235.9
2025-07-29,55,Atraf,IL,493.1,+14.2,352/194/1,64.4,157,360.0
2025-07-29,56,Nightwolf,NR,489.3,+13.3,576/168/26,76.5,228,280.4
2025-07-29,57,PokerFace,ZA,489.0,8,159/74/9,67.6,117,361.8
2025-07-29,58,BaronNr1,NL,488.0,10,78/42/10,63.8,75,348.4
2025-07-29,59,warlock,US,483.8,+30.5,177/91/9,65.5,98,422.5
2025-07-29,60,KARAISKAKIS,GR,483.2,15,9/3/1,73.1,13,428.1
2025-07-29,61,Kílí,AU,482.7,2,34/27/0,55.7,42,415.5
2025-07-29,62,Noobmeister,GR,481.7,+12.8,293/154/5,65.4,156,366.0
2025-07-29,63,Tomba,BE,481.1,2,29/10/0,74.4,32,241.8
2025-07-29,64,Henry domerkant,GR,478.0,1,336/204/15,61.9,136,455.6
2025-07-29,65,TobermoryX,GB,477.3,1,36/20/3,63.6,47,389.2
2025-07-29,66,411 Discipline,ZZ,473.7,+27.8,40/12/0,76.9,42,318.3
2025-07-29,67,Vertigo,ES,461.9,2,9/7/1,55.9,14,409.4
2025-07-29,68,Ides_Of_March_NC,US,460.0,8,25/9/1,72.9,28,284.7
2025-07-29,69,garlick,FR,459.3,3,190/209/8,47.7,106,485.2
2025-07-29,70,Jack,ZZ,456.0,+46.8,147/149/4,49.7,114,466.2
2025-07-29,71,an_album_cover,NZ,452.3,+6.1,100/54/0,64.9,106,309.9
2025-07-29,72,SIR_Bal,GR,446.9,8,15/15/0,50.0,21,439.3
2025-07-29,73,NavyJoe,US,446.2,22,239/127/5,65.1,181,301.2
2025-07-29,74,Marmal,NL,445.9,1,269/190/4,58.5,155,386.7
2025-07-29,75,Katama,NL,444.6,3,66/41/4,61.3,74,351.3
2025-07-29,76,ICANMAKEUFAMOUS,BF,444.5,1,32/16/0,66.7,39,319.2
2025-07-29,77,Wnehme,LB,444.1,-18.9,363/191/14,65.1,170,333.3
2025-07-29,78,everest,TC,442.8,1,288/314/14,47.9,165,440.0
2025-07-29,79,Unseen Hero,GR,440.9,-20.0,932/479/27,65.8,249,380.9
2025-07-29,80,Just4fun,ZW,440.3,3,36/15/2,69.8,41,261.0
2025-07-29,81,Kostass2506,GR,440.2,-8.2,302/263/18,53.3,141,467.2
2025-07-29,82,The Seventh Seal,US,438.3,1,124/66/2,65.1,104,315.8
2025-07-29,83,McReady,ES,437.5,+2.6,730/542/23,57.3,244,330.7
2025-07-29,84,Ollie,CA,436.7,+4.7,363/200/17,64.1,184,325.9
2025-07-29,85,gpet0,GR,435.9,-53.3,609/296/20,66.9,215,375.1
2025-07-29,86,Mantis,US,435.0,+26.5,260/222/0,53.9,172,355.8
2025-07-29,87,Rambo,AU,429.8,-33.6,341/222/7,60.4,181,338.9
2025-07-29,88,TheBlackDress,US,427.1,+29.2,173/116/5,59.7,143,309.4
2025-07-29,89,morias,GR,425.2,-7.4,88/67/3,56.6,95,337.2
2025-07-29,90,ruined_creature,MX,423.8,+21.6,636/465/16,57.7,225,358.6
2025-07-29,91,crusader,GR,423.1,-3.7,345/247/15,58.1,207,346.9
2025-07-29,92,skeptikistis,GR,421.1,4,33/25/0,56.9,45,368.2
2025-07-29,93,Leppie,BE,420.2,7,13/11/1,54.0,23,388.2
2025-07-29,94,Panter,CZ,417.9,-15.6,77/50/6,60.2,83,366.1
2025-07-29,95,Lord Invader,US,413.2,28,12/6/0,66.7,15,272.1
2025-07-29,96,Pieter,NL,412.0,1,134/92/3,59.2,119,337.7
2025-07-29,97,Mr PEP,GP,410.3,7,101/86/1,54.0,106,328.8
2025-07-29,98,Murazor,ES,409.0,10,6/6/0,50.0,12,369.9
2025-07-29,99,theos,GR,407.7,-3.7,38/23/1,62.1,46,298.3
2025-07-29,100,Nyxtas,GR,405.8,-55.3,115/83/1,58.0,116,395.0
2025-07-29,101,IKnowThingsGood,US,404.9,-13.0,181/135/1,57.3,144,324.7
2025-07-29,102,Andreas94,GR,402.9,-25.0,173/171/4,50.3,132,415.7
2025-07-29,103,GORLAMI,ZZ,402.1,-13.0,394/278/33,58.2,201,305.4
2025-07-29,104,Ghostzapper,US,401.7,3,294/128/10,69.2,165,281.5
2025-07-29,105,tymewiz,US,401.5,13,112/97/0,53.6,107,319.7
2025-07-29,106,PowerHamster,NL,399.7,7,48/42/5,53.2,57,361.4
2025-07-29,107,Jossy,DE,396.5,+0.3,87/77/7,52.9,90,334.4
2025-07-29,108,Matt,FR,396.4,-1.4,574/519/6,52.5,216,426.9
2025-07-29,109,Jerry,US,396.2,-3.5,162/141/3,53.4,139,328.8
2025-07-29,110,match angler,GR,389.6,-24.5,339/279/2,54.8,179,342.0
2025-07-29,111,ChristianF,US,389.1,5,43/38/5,52.9,64,393.3
2025-07-29,112,FGP_,GR,385.4,+7.9,169/116/2,59.2,137,297.6
2025-07-29,113,Strategos,NL,382.3,-58.9,195/145/4,57.3,151,321.2
2025-07-29,114,green panther,AT,382.1,21,8/10/0,44.4,18,411.2
2025-07-29,115,knickles,US,380.2,-10.8,187/79/9,69.6,124,269.3
2025-07-29,116,SmokingGun,SY,379.9,+23.4,175/175/3,50.0,156,315.0
2025-07-29,117,Lord Vader,US,379.3,-51.1,403/350/9,53.5,193,345.8
2025-07-29,118,Chainsaw Man,IE,378.5,+9.9,969/843/24,53.4,253,299.4
2025-07-29,119,PHAETHON,GR,377.6,-2.7,96/84/13,53.1,104,374.9
2025-07-29,120,olafthueringer,DE,375.5,21,31/22/0,58.5,46,297.3
2025-07-29,121,Späher,DE,374.8,1,37/30/4,54.9,58,348.8
2025-07-29,122,Jovo,IT,372.1,+30.1,72/62/2,53.7,88,319.2
2025-07-29,123,last_shadow,DE,370.0,1,211/168/6,55.6,154,323.0
2025-07-29,124,Yo mamas,BA,369.3,19,27/22/0,55.1,44,362.6
2025-07-29,125,HazMate14,AU,368.3,-15.5,137/114/4,54.5,119,364.4
2025-07-29,126,Ron,CY,366.8,5,42/36/3,53.7,57,355.8
2025-07-29,127,Bejita-sama,BE,366.5,17,220/213/4,50.8,185,304.5
2025-07-29,128,HrTaschenbier,DE,366.4,1,156/162/13,49.1,145,309.9
2025-07-29,129,Tomjonas,VA,365.6,+12.4,243/246/4,49.7,186,316.3
2025-07-29,130,Tasos.kaps,GR,363.3,-20.4,125/86/4,59.1,119,351.4
2025-07-29,131,AmazingGeorges,CA,362.2,1,291/261/12,52.7,176,355.5
2025-07-29,132,Coyote,AR,361.9,-28.0,55/46/1,54.4,65,351.0
2025-07-29,133,CORNERFLAGLEFT,ZZ,361.6,-63.5,221/172/3,56.2,141,356.2
2025-07-29,134,Archimedes,US,361.3,8,26/21/0,55.3,34,310.6
2025-07-29,135,MacyTheBlackCAT,US,360.0,+24.6,532/519/27,50.6,233,344.3
2025-07-29,136,BIGBOOM,US,357.8,-7.7,49/36/1,57.6,57,290.7
2025-07-29,137,JIREN,PE,356.9,-0.2,334/377/15,47.0,180,430.7
2025-07-29,138,Unflagged,ZZ,355.9,1,83/82/8,50.3,96,335.7
2025-07-29,139,Bad Milo,NL,355.6,20,53/65/2,45.0,80,393.3
2025-07-29,140,Eise the Great,NL,353.4,+6.4,74/59/1,55.6,83,291.7
2025-07-29,141,Pizza70 wow,IT,347.4,-0.7,534/526/10,50.4,229,285.6
2025-07-29,142,Roger Oncemore II,DE,345.4,+4.0,96/84/6,53.2,105,364.7
2025-07-29,143,nigrita222,GR,340.6,-2.0,47/50/6,48.5,69,357.2
2025-07-29,144,count floyd,IT,339.2,-3.3,124/174/7,41.8,96,438.7
2025-07-29,145,tepechimilpa,ZZ,329.4,-32.8,27/17/0,61.4,37,303.3
2025-07-29,146,WICKED LESTER,US,326.5,+28.5,134/152/5,46.9,143,311.7
2025-07-29,147,DAG1105,CL,326.1,+42.4,458/406/4,53.0,196,313.1
2025-07-29,148,bobstack,US,323.1,-1.6,53/37/3,58.6,73,223.3
2025-07-29,149,Rexxxer,NL,321.6,+35.1,209/250/1,45.5,164,286.4
2025-07-29,150,skl,ZZ,320.8,+17.8,335/227/2,59.6,169,257.1
2025-07-29,151,schnobi,CH,319.2,-7.0,384/507/16,43.2,227,340.0
2025-07-29,152,fungio,ZZ,318.0,+17.2,163/164/4,49.8,146,309.0
2025-07-29,153,Swordfish,US,317.7,2,138/131/2,51.3,118,327.3
2025-07-29,154,KarnaVNP,SR,317.3,+8.6,9/13/0,40.9,21,344.8
2025-07-29,155,Dimitrisp,GR,316.5,+31.0,110/103/2,51.6,121,289.6
2025-07-29,156,gin_toxic,BE,316.4,2,14/15/1,48.3,29,338.3
2025-07-29,157,player-mag,BE,314.7,22,14/5/0,73.7,17,190.4
2025-07-29,158,OZZZY,CA,312.9,-1.2,62/63/8,49.6,68,313.0
2025-07-29,159,jackie,US,312.1,-42.6,1023/854/15,54.5,274,329.7
2025-07-29,160,Petra,US,311.4,13,4/12/2,27.8,16,392.7
2025-07-29,161,Biber1,DE,311.2,11,26/23/1,53.0,42,282.4
2025-07-29,162,aaron5000,US,311.1,1,53/55/1,49.1,72,270.8
2025-07-29,163,Do Not Panic@,NL,308.9,-21.6,336/375/20,47.3,200,352.2
2025-07-29,164,Dokimos12,GR,304.0,+12.4,155/208/4,42.8,148,346.3
2025-07-29,165,Thanathos,IT,303.7,+12.7,389/336/2,53.6,199,299.4
2025-07-29,166,ijs,NL,303.3,2,33/39/0,45.8,56,288.9
2025-07-29,167,TemplateRex,NL,303.1,5,34/26/0,56.7,42,253.1
2025-07-29,168,Isi,GR,300.9,+14.2,109/194/2,36.1,134,346.2
2025-07-29,169,Noscope420,US,300.8,10,13/8/0,61.9,18,290.3
2025-07-29,170,Tilor,US,297.7,+2.6,140/122/11,53.3,122,303.9
2025-07-29,171,Colinbbost,GR,297.3,11,60/61/11,49.6,90,299.9
2025-07-29,172,floki,BE,297.1,-6.0,79/100/2,44.2,101,345.3
2025-07-29,173,FelixG,MX,292.9,-10.4,103/106/0,49.3,116,329.0
2025-07-29,174,Goldeneyes,HU,292.5,+19.3,131/126/2,51.0,138,305.4
2025-07-29,175,dindo,MT,292.4,+11.3,399/362/15,52.4,223,309.2
2025-07-29,176,Nikiforos Fokas,GR,291.0,-38.6,292/357/4,45.0,213,346.9
2025-07-29,177,Simply The Best,US,290.9,3,141/118/2,54.4,130,279.0
2025-07-29,178,Pepicio,ES,290.3,+19.6,55/63/0,46.6,60,304.4
2025-07-29,179,Commish,US,287.4,-12.1,388/403/8,49.1,212,318.0
2025-07-29,180,thdeu,US,287.1,+15.6,177/152/2,53.8,138,293.1
2025-07-29,181,Timmy,GB,284.6,-62.6,135/123/6,52.3,128,326.1
2025-07-29,182,LSR70,BE,284.5,-18.5,547/564/42,49.3,230,340.1
2025-07-29,183,anthoula,IS,281.3,-6.9,42/51/2,45.3,72,285.1
2025-07-29,184,Nickie,BE,280.3,5,11/12/0,47.8,22,245.9
2025-07-29,185,johnkord,GR,277.6,23,22/24/0,47.8,39,288.9
2025-07-29,186,Lord Darth invader,FR,274.6,27,7/8/0,46.7,13,361.6
2025-07-29,187,Jack*Of*Trades,US,273.8,-3.9,248/293/2,45.9,182,286.3
2025-07-29,188,Tooney13!,SB,273.4,+5.0,164/174/7,48.6,149,281.8
2025-07-29,189,johnny d,GR,272.0,+18.6,490/553/16,47.0,252,296.3
2025-07-29,190,GIANNIS P.,GR,271.4,-4.2,42/52/2,44.8,73,297.4
2025-07-29,191,joeli,DE,271.0,7,68/80/2,46.0,90,334.4
2025-07-29,192,Cat-hunter,US,270.9,-63.7,403/367/21,52.3,222,296.7
2025-07-29,193,alkisagg,CA,269.4,3,139/190/0,42.2,153,287.3
2025-07-29,194,Kranevitter,NL,269.3,-30.5,279/263/19,51.4,196,312.7
2025-07-29,195,CWJ,ZZ,269.2,-30.9,164/171/3,49.0,148,295.4
2025-07-29,196,Kloppo09,DE,269.0,+43.1,61/93/3,39.8,89,324.7
2025-07-29,197,Venom,US,267.0,1,284/296/2,49.0,151,305.3
2025-07-29,198,hakster,ZZ,266.1,20,142/193/5,42.5,141,289.5
2025-07-29,199,BRUHEGUS911,RU,263.5,+14.7,68/143/3,32.5,98,286.7
2025-07-29,200,dyrson,BR,263.2,-49.6,342/458/8,42.8,229,312.6
2025-07-29,201,chouine,CA,260.9,+13.5,10/5/0,66.7,15,307.7
2025-07-29,202,TheKing,BE,256.9,1,44/57/4,43.8,73,310.0
2025-07-29,203,Dirk Drent,ZZ,255.8,6,19/21/0,47.5,30,291.4
2025-07-29,204,FBI,AU,255.4,-7.9,206/307/6,40.3,188,266.7
2025-07-29,205,theoneandonly,ZZ,255.1,-6.6,208/243/8,46.2,173,272.5
2025-07-29,206,ironman,BE,252.8,-6.9,62/67/8,48.2,77,286.6
2025-07-29,207,Miss Aida,US,252.3,-28.3,292/257/8,53.1,181,222.3
2025-07-29,208,T Kościuszko,PL,250.9,1,63/52/3,54.7,78,236.5
2025-07-29,209,RadicalLibre,DO,250.6,+6.2,141/168/5,45.7,125,246.1
2025-07-29,210,dalee,GR,248.6,3,14/24/0,36.8,31,316.6
2025-07-29,211,philchillas,ZZ,248.5,+16.7,173/225/2,43.5,170,305.3
2025-07-29,212,Bratwurst,DE,246.4,8,7/8/0,46.7,13,376.7
2025-07-29,213,VelvetLucky13,NU,244.5,6,35/46/6,43.7,59,297.1
2025-07-29,214,Gecko,CA,243.3,1,12/10/1,54.3,18,246.5
2025-07-29,215,1976Diamonds,GR,241.6,-5.3,111/131/2,45.9,103,299.9
2025-07-29,216,Zman,US,239.6,+4.7,53/90/1,37.2,95,306.1
2025-07-29,217,jaxr,AW,238.9,-8.1,39/56/0,41.1,71,290.7
2025-07-29,218,TheSweetieMan,US,237.2,-4.7,127/175/5,42.2,162,317.7
2025-07-29,219,Grobu,GB,235.7,+13.8,80/200/0,28.6,125,304.9
2025-07-29,220,Dunk90,US,233.7,-13.1,226/281/1,44.6,150,299.1
2025-07-29,221,Darth Lord,US,233.3,+10.3,18/14/0,56.3,24,163.7
2025-07-29,222,(umdisclosed),ZZ,232.0,27,58/77/0,43.0,86,314.8
2025-07-29,223,ajax,NL,231.8,-3.7,123/170/5,42.1,130,302.1
2025-07-29,224,ConKord,GR,230.1,+3.4,595/611/15,49.3,255,274.9
2025-07-29,225,johnk1970,GR,227.3,6,11/21/1,34.8,27,376.4
2025-07-29,226,Sicosi25,PA,224.9,+0.6,156/230/2,40.5,164,309.8
2025-07-29,227,Knightsnake,US,224.4,1,8/6/0,57.1,14,191.9
2025-07-29,228,Joker,LU,221.4,+44.2,458/682/24,40.4,242,266.3
2025-07-29,229,artav,US,217.9,-53.5,151/156/2,49.2,136,300.3
2025-07-29,230,Ready Player One,US,216.8,+24.6,142/264/2,35.0,153,306.2
2025-07-29,231,balou,BE,215.7,-0.1,149/207/4,41.9,159,233.7
2025-07-29,232,Virtual Hero,BE,215.4,7,137/194/1,41.4,178,294.2
2025-07-29,233,Smiley,NL,213.5,+7.9,31/37/1,45.7,55,258.6
2025-07-29,234,cycy17,BE,212.8,-26.4,123/214/1,36.5,167,322.3
2025-07-29,235,Sober_Killer,US,211.3,1,60/87/0,40.8,88,333.5
2025-07-29,236,Winxii,MT,209.6,28,13/10/0,56.5,22,259.5
2025-07-29,237,player-mgk,BE,208.3,26,31/50/2,38.6,58,312.3
2025-07-29,238,Homer,ES,207.1,4,49/63/3,43.9,78,296.5
2025-07-29,239,Moneymaker,US,206.4,-16.8,120/118/0,50.4,127,236.8
2025-07-29,240,Cannon,UA,205.9,1,446/851/20,34.6,256,339.9
2025-07-29,241,Redeyes,GR,205.9,+14.1,224/403/8,35.9,203,299.7
2025-07-29,242,MagezuficA,BA,205.6,-14.7,445/844/11,34.7,261,320.4
2025-07-29,243,Playerr007,ZZ,205.4,4,13/7/0,65.0,16,192.9
2025-07-29,244,SKOOGLE,IS,204.0,1,125/319/3,28.3,184,315.9
2025-07-29,245,Yanis,GR,203.2,-7.3,201/302/3,40.0,192,307.1
2025-07-29,246,unreachableNO1,GR,201.5,+9.9,70/107/4,39.8,111,296.6
2025-07-29,247,Pretzel Logic,BS,200.5,2,466/714/7,39.6,262,317.3
2025-07-29,248,jim,FM,196.2,12,11/5/0,68.8,16,179.5
2025-07-29,249,fazi,AT,196.1,1,130/176/7,42.7,143,297.6
2025-07-29,250,GBigs,CA,195.4,+4.8,11/25/0,30.6,32,302.9
2025-07-29,251,dings,NL,192.7,+17.0,159/286/5,35.9,155,298.0
2025-07-29,252,HUH?,DE,192.7,-14.1,69/99/4,41.3,106,272.1
2025-07-29,253,Player4992-eri,ZZ,190.7,9,114/166/3,40.8,127,267.2
2025-07-29,254,HARALD,BE,190.0,-19.8,393/478/13,45.2,232,247.7
2025-07-29,255,Blue Tom,AT,183.4,2,21/37/1,36.4,44,311.0
2025-07-29,256,Bojak,IL,182.7,+0.0,261/542/8,32.7,216,316.7
2025-07-29,257,Enhordes,GR,179.9,-21.6,238/399/21,37.8,176,294.6
2025-07-29,258,KCore,ES,176.4,-7.5,111/145/1,43.4,107,258.7
2025-07-29,259,KAOS Agent,US,176.1,-5.2,199/209/5,48.8,143,237.5
2025-07-29,260,Major Skillissue,AQ,174.3,3,11/18/0,37.9,25,303.0
2025-07-29,261,Fairweigh,CX,173.9,+11.2,239/341/15,41.4,170,299.5
2025-07-29,262,MURAT,IT,173.0,14,18/26/1,41.1,29,282.3
2025-07-29,263,Branko Jevremov,RS,172.3,-6.0,90/162/4,35.9,130,317.8
2025-07-29,264,duku77,NL,171.6,1,60/99/2,37.9,109,285.1
2025-07-29,265,CNY,US,171.2,-22.3,77/114/6,40.6,110,252.9
2025-07-29,266,Ray Ving,ZZ,169.2,1,106/181/0,36.9,127,262.2
2025-07-29,267,Blackstar,DE,169.1,1,10/7/0,58.8,16,194.3
2025-07-29,268,FLAFLOS,GR,167.6,22,50/92/2,35.4,91,330.2
2025-07-29,269,Babycorn,US,164.8,+39.9,45/96/2,32.2,80,319.4
2025-07-29,270,Hannibaal Barca,LB,164.3,1,24/59/1,29.2,64,350.0
2025-07-29,271,DeitySlayer,US,164.1,+23.0,78/231/2,25.4,131,319.4
2025-07-29,272,The courtier,BR,159.2,1,423/790/2,34.9,239,311.6
2025-07-29,273,SHARK,ZZ,157.1,+12.4,80/207/0,27.9,128,333.2
2025-07-29,274,R1sky Bus1ness,US,156.9,1,39/70/3,36.2,69,266.8
2025-07-29,275,Atriox,US,154.8,29,5/17/0,22.7,20,335.0
2025-07-29,276,Flagon,ES,152.3,1,32/35/0,47.8,54,219.2
2025-07-29,277,Rayley3,CA,147.4,2,15/27/0,35.7,36,287.9
2025-07-29,278,Yas,FR,146.8,12,110/183/3,37.7,133,314.7
2025-07-29,279,DimitrisTr,GR,143.8,1,60/151/4,28.8,116,278.8
2025-07-29,280,Franz K.,DE,137.5,-33.9,42/83/0,33.6,81,297.6
2025-07-29,281,fred77,MA,136.9,+17.6,158/447/6,26.4,200,306.5
2025-07-29,282,queensbury,US,135.8,-14.2,113/199/4,36.4,143,265.9
2025-07-29,283,SlowPony17,CA,135.7,+8.9,11/9/0,55.0,18,189.5
2025-07-29,284,Mello,IT,134.0,+1.6,188/379/3,33.2,185,280.6
2025-07-29,285,alextrip,GR,132.5,9,103/220/2,32.0,149,310.0
2025-07-29,286,Dankan,CH,128.6,-6.4,32/57/4,36.6,65,300.8
2025-07-29,287,Al Hakeem,FR,124.3,1,56/101/5,36.1,98,257.6
2025-07-29,288,Ricardo Rao,BR,123.2,10,5/15/0,25.0,16,362.0
2025-07-29,289,Tamarindo,US,123.1,2,128/243/12,35.0,163,336.8
2025-07-29,290,Forestman,NL,122.7,-10.2,94/114/2,45.2,117,221.1
2025-07-29,291,El destructivore,CA,122.2,12,31/65/1,32.5,73,282.6
2025-07-29,292,schive24,US,120.9,17,12/23/0,34.3,30,289.7
2025-07-29,293,mgz1408,AT,120.0,-11.7,134/205/1,39.6,121,269.3
2025-07-29,294,Odysseus,GR,118.3,8,16/33/0,32.7,36,262.8
2025-07-29,295,davids,ZZ,117.8,17,6/11/0,35.3,13,254.1
2025-07-29,296,Notorous RSL,CR,115.1,+9.0,272/585/2,31.8,224,294.3
2025-07-29,297,Spy Defense,US,115.1,5,134/152/4,46.9,119,166.4
2025-07-29,298,hrn,CH,111.4,1,6/13/0,31.6,19,359.3
2025-07-29,299,SlipperySquares,US,109.9,15,13/28/0,31.7,33,250.4
2025-07-29,300,Cstone22,US,106.1,18,2/13/0,13.3,14,291.6
2025-07-29,301,#LionWar,BE,104.0,2,21/44/0,32.3,49,303.6
2025-07-29,302,Missed take,ZZ,102.2,4,20/54/0,27.0,54,314.9
2025-07-29,303,FloydPink,US,101.0,24,4/17/0,19.0,19,290.9
2025-07-29,304,400tui,CA,100.0,1,61/227/0,21.2,120,338.7
2025-07-29,305,Astore,IT,99.2,-48.7,137/349/2,28.3,168,316.8
2025-07-29,306,trintingnant,AG,98.2,-5.0,112/251/0,30.9,168,290.8
2025-07-29,307,Marckid342,ZZ,97.0,-13.5,286/673/1,29.8,239,282.9
2025-07-29,308,IRONJAW,US,96.6,+8.4,33/100/1,25.0,92,270.3
2025-07-29,309,Boris,UA,93.9,-6.3,5/21/0,19.2,25,309.9
2025-07-29,310,Sirdabomb123,US,91.6,-4.5,22/71/1,23.9,59,330.7
2025-07-29,311,General Thompson,US,87.4,-1.5,70/144/0,32.7,120,264.7
2025-07-29,312,Fifika_55,GR,87.3,9,8/22/0,26.7,28,277.2
2025-07-29,313,Shivaanoz,BE,80.3,+24.2,66/165/1,28.7,122,288.0
2025-07-29,314,BigJeffyJ,GR,79.6,3,19/49/0,27.9,48,294.2
2025-07-29,315,evdog104,PS,76.7,1,73/124/0,37.1,100,223.1
2025-07-29,316,Viliciri,US,76.6,2,5/9/0,35.7,13,204.7
2025-07-29,317,MegalosStratilatis,GR,74.1,15,32/50/2,39.3,47,121.3
2025-07-29,318,malakoboukoma,GR,71.7,-10.9,83/138/0,37.6,136,306.7
2025-07-29,319,FHBJNRNG,US,66.1,17,4/18/1,19.6,20,301.9
2025-07-29,320,NMN16,AU,66.0,4,17/63/1,21.6,53,324.0
2025-07-29,321,Davmholms,US,63.3,+9.5,126/296/2,30.0,141,254.3
2025-07-29,322,arne pellaers,BE,59.3,+29.3,7/19/1,27.8,21,242.4
2025-07-29,323,MarshalBlitzer#1,ZZ,59.2,-36.1,278/562/4,33.2,219,269.7
2025-07-29,324,Gmans revenge,US,58.9,11,55/134/0,29.1,94,256.0
2025-07-29,325,Debaaf,NL,52.4,16,2/9/0,18.2,11,374.2
2025-07-29,326,ThPicard,DE,49.5,12,49/126/0,28.0,106,310.7
2025-07-29,327,alexzan,GR,34.5,+26.0,5/16/0,23.8,20,298.2
2025-07-29,328,jagger314,BR,29.7,-2.4,26/108/1,19.6,73,268.0
2025-07-29,329,honda08,GR,23.3,-5.9,9/38/1,19.8,37,248.2
2025-07-29,330,Karl XII,SE,20.3,24,41/81/0,33.6,70,196.9
2025-07-29,331,guib543,BE,18.9,1,18/70/1,20.8,63,280.4
2025-07-29,332,AYou,ZZ,14.9,10,3/14/0,17.6,15,323.3
2025-07-29,333,genti89,IT,13.7,15,3/8/0,27.3,10,239.9
2025-07-29,334,ambiorix,BE,11.8,+7.7,71/199/1,26.4,124,268.8
2025-07-30,1,Winner,US,842.7,+17.1,117/32/5,77.6,60,558.6
2025-07-30,2,OVERL0RD,GR,819.3,+10.8,101/26/2,79.1,58,545.2
2025-07-30,3,Losermaker,AU,807.1,26,73/10/3,86.6,56,456.2
2025-07-30,4,sevenseas,GB,800.2,-9.5,72/11/1,86.3,56,387.0
2025-07-30,5,Hielco,NL,737.8,+2.9,21/9/1,69.4,20,562.5
2025-07-30,6,Hyperfocus,NL,693.9,+7.5,43/7/0,86.0,37,341.1
2025-07-30,7,Napoleon 1er,CH,658.7,-12.2,68/20/4,76.1,53,434.5
2025-07-30,8,TrueAim,NL,656.2,26,24/4/0,85.7,25,392.3
2025-07-30,9,kamikaze,GB-SCT,652.1,+6.1,197/96/6,66.9,79,497.9
2025-07-30,10,tonylaw44,GR,650.6,+11.4,1084/364/10,74.7,245,356.2
2025-07-30,11,gkaros,GR,628.7,+8.1,483/169/10,73.7,141,416.7
2025-07-30,12,Eagle06,CH,624.6,1,139/37/8,77.7,110,379.1
2025-07-30,13,Sekertzis1973,GR,620.0,-18.2,519/170/19,74.6,174,452.7
2025-07-30,14,Samuel,GB,618.0,+16.2,507/342/13,59.6,174,425.4
2025-07-30,15,Garulfo,NL,617.8,3,71/40/1,63.8,61,526.2
2025-07-30,16,Spion…,NL,613.9,10,22/10/0,68.8,26,471.5
2025-07-30,17,Maelstrom,CA,612.8,-30.5,203/93/4,68.3,100,490.1
2025-07-30,18,BFG,NL,601.6,-9.0,35/20/0,63.6,40,490.3
2025-07-30,19,Nemesis,US,592.6,-3.8,177/129/8,57.6,117,529.0
2025-07-30,20,Skyfall,BE,586.1,+35.6,468/143/8,76.3,241,325.2
2025-07-30,21,Nikolakos,GR,586.0,9,109/78/1,58.2,85,511.7
2025-07-30,22,KingTubby,JM,584.2,1,307/135/6,69.2,172,368.2
2025-07-30,23,Jenna Jameson,NL,581.7,1,53/5/1,90.7,39,181.6
2025-07-30,24,Mirage,AU,573.0,+8.8,264/147/5,64.1,116,498.2
2025-07-30,25,Spartacus,NL,572.3,1,70/23/3,74.5,49,353.1
2025-07-30,26,mvw,BE,570.2,6,26/5/0,83.9,28,227.6
2025-07-30,27,Marcy_Regina_Wu,US,568.9,11,9/6/0,60.0,10,619.7
2025-07-30,28,Akaboom,DE,562.7,2,330/194/8,62.8,158,399.6
2025-07-30,29,guibui,DE,555.2,-10.4,597/143/5,80.5,218,272.7
2025-07-30,30,zach21,US,554.8,1,169/105/6,61.4,76,476.4
2025-07-30,31,Lottorush,US,544.8,+41.4,899/396/18,69.2,217,371.5
2025-07-30,32,Dullahan,CZ,541.9,6,14/6/0,70.0,16,354.2
2025-07-30,33,PEACE,UA,539.5,+6.5,1238/432/27,73.7,254,365.1
2025-07-30,34,EmbracingRacialUnity.org,US,536.4,+1.9,86/24/3,77.4,79,298.9
2025-07-30,35,panther65,DE,534.4,1,21/14/1,59.7,27,421.4
2025-07-30,36,Frosty :),US,534.3,3,100/85/3,54.0,47,556.8
2025-07-30,37,SETTLER,TZ,534.2,-0.7,588/404/12,59.2,182,382.1
2025-07-30,38,Karolus,PL,533.3,2,31/33/0,48.4,47,528.8
2025-07-30,39,Grizzlybear,DE,527.5,+2.3,85/43/5,65.8,79,387.5
2025-07-30,40,Stelios,GR,524.3,+15.6,73/38/1,65.6,62,391.4
2025-07-30,41,NoChance,DE,518.8,+4.8,17/9/0,65.4,22,391.4
2025-07-30,42,Odo,NL,517.5,1,150/92/5,61.7,126,337.0
2025-07-30,43,recar,US,517.4,+2.9,120/46/6,71.5,51,330.6
2025-07-30,44,Marmal,NL,516.9,+71.0,286/197/4,59.1,160,389.3
2025-07-30,45,Pericoperez,ES,513.7,+16.6,67/50/2,57.1,70,421.6
2025-07-30,46,WTF,GR,511.9,+14.7,353/186/4,65.4,185,319.4
2025-07-30,47,Mastermind,ZZ,508.0,1,288/260/12,52.5,146,439.3
2025-07-30,48,warlock,US,505.1,+21.3,181/93/8,65.6,99,423.0
2025-07-30,49,Don Mitsos,GR,504.3,-36.2,469/271/13,63.1,157,418.5
2025-07-30,50,roeczak,GR,503.6,13,13/13/0,50.0,21,512.1
2025-07-30,51,411 Discipline,ZZ,502.2,+28.4,43/12/0,78.2,44,326.1
2025-07-30,52,Henry domerkant,GR,501.2,+23.2,343/209/15,61.8,137,456.4
2025-07-30,53,Kant,PG,500.7,9,18/12/2,59.4,27,371.4
2025-07-30,54,Donnafugata,IT,495.7,9,221/61/4,78.0,162,218.0
2025-07-30,55,Nightwolf,NR,495.0,+5.7,575/168/26,76.5,229,280.7
2025-07-30,56,mirmidonas,GR,494.3,8,119/38/1,75.6,69,236.9
2025-07-30,57,BARBARIANS,GI,491.3,-12.3,175/82/0,68.1,133,326.9
2025-07-30,58,Kanonenkeks,DE,490.1,-29.3,309/169/8,64.4,175,345.3
2025-07-30,59,PokerFace,ZA,489.0,9,159/74/9,67.6,117,361.8
2025-07-30,60,KARAISKAKIS,GR,483.2,16,9/3/1,73.1,13,428.1
2025-07-30,61,Kílí,AU,482.7,3,30/25/0,54.5,39,419.0
2025-07-30,62,Atraf,IL,482.0,-11.1,351/195/1,64.3,155,360.1
2025-07-30,63,Noobmeister,GR,481.7,1,290/150/5,65.7,156,365.0
2025-07-30,64,TobermoryX,GB,477.3,2,35/19/3,64.0,46,393.4
2025-07-30,65,Unseen Hero,GR,474.3,+33.4,923/476/27,65.7,249,381.8
2025-07-30,66,BaronNr1,NL,472.7,-15.3,76/41/10,63.8,74,343.9
2025-07-30,67,Tomba,BE,466.3,-14.8,29/11/0,72.5,32,243.3
2025-07-30,68,Vertigo,ES,464.9,+3.0,10/7/1,58.3,15,395.6
2025-07-30,69,Ides_Of_March_NC,US,460.0,9,25/9/1,72.9,28,284.7
2025-07-30,70,garlick,FR,459.3,4,190/207/7,47.9,106,484.3
2025-07-30,71,Jack,ZZ,456.0,1,144/147/4,49.5,112,464.7
2025-07-30,72,banana_hammock,US,454.5,-79.7,462/223/19,67.0,199,342.6
2025-07-30,73,Ollie,CA,448.6,+12.0,366/202/17,64.0,187,326.8
2025-07-30,74,Wnehme,LB,447.6,+3.5,358/186/14,65.4,169,335.1
2025-07-30,75,SIR_Bal,GR,446.9,9,15/15/0,50.0,21,439.3
2025-07-30,76,NavyJoe,US,446.2,23,239/127/5,65.1,181,301.2
2025-07-30,77,Katama,NL,444.6,4,65/41/4,60.9,73,352.0
2025-07-30,78,ICANMAKEUFAMOUS,BF,444.5,2,32/16/0,66.7,39,319.2
2025-07-30,79,gpet0,GR,442.0,+6.0,609/300/21,66.6,216,375.0
2025-07-30,80,Just4fun,ZW,440.3,4,35/15/2,69.2,40,260.2
2025-07-30,81,Rambo,AU,437.9,+8.1,344/226/7,60.2,181,340.3
2025-07-30,82,IKnowThingsGood,US,434.1,+29.2,187/134/1,58.2,143,322.7
2025-07-30,83,Nyxtas,GR,426.6,+20.8,117/83/1,58.5,118,393.5
2025-07-30,84,The Seventh Seal,US,425.0,-13.3,123/67/2,64.6,103,312.7
2025-07-30,85,Kostass2506,GR,423.3,-16.9,297/264/18,52.8,138,467.9
2025-07-30,86,an_album_cover,NZ,421.4,-30.9,101/57/0,63.9,109,310.1
2025-07-30,87,skeptikistis,GR,421.1,5,33/25/0,56.9,45,368.2
2025-07-30,88,Leppie,BE,420.2,8,13/11/1,54.0,23,388.2
2025-07-30,89,Matt,FR,414.9,+18.5,576/513/6,52.9,215,427.0
2025-07-30,90,TheBlackDress,US,414.2,-13.0,172/116/5,59.6,143,309.4
2025-07-30,91,Lord Invader,US,413.2,29,12/6/0,66.7,15,272.1
2025-07-30,92,Pieter,NL,412.0,2,134/92/3,59.2,119,337.7
2025-07-30,93,Mr PEP,GP,410.3,8,101/86/1,54.0,106,328.8
2025-07-30,94,Panter,CZ,409.8,-8.1,78/51/6,60.0,84,364.2
2025-07-30,95,everest,TC,409.8,-33.0,287/317/14,47.6,165,440.3
2025-07-30,96,Murazor,ES,409.0,11,6/6/0,50.0,12,369.9
2025-07-30,97,theos,GR,407.7,1,38/23/1,62.1,46,298.3
2025-07-30,98,Jossy,DE,407.5,+10.9,88/77/7,53.2,91,334.9
2025-07-30,99,JIREN,PE,405.5,+48.6,355/393/16,47.5,181,428.4
2025-07-30,100,crusader,GR,404.0,-19.2,347/250/15,57.9,208,347.0
2025-07-30,101,Andreas94,GR,402.9,1,172/167/4,50.7,132,415.5
2025-07-30,102,Chainsaw Man,IE,402.2,+23.8,967/836/24,53.6,254,299.6
2025-07-30,103,Ghostzapper,US,401.7,4,294/128/10,69.2,165,281.5
2025-07-30,104,tymewiz,US,401.5,14,112/97/0,53.6,107,319.7
2025-07-30,105,ruined_creature,MX,400.1,-23.8,638/467/16,57.6,225,358.5
2025-07-30,106,PowerHamster,NL,399.7,8,48/42/5,53.2,57,361.4
2025-07-30,107,Tasos.kaps,GR,399.3,+36.0,129/86/4,59.8,119,351.3
2025-07-30,108,Strategos,NL,399.3,+17.0,199/148/5,57.2,154,321.7
2025-07-30,109,FGP_,GR,389.9,+4.5,168/116/2,59.1,136,297.4
2025-07-30,110,ChristianF,US,389.1,6,42/38/4,52.4,62,392.8
2025-07-30,111,knickles,US,386.3,+6.1,185/79/9,69.4,123,269.7
2025-07-30,112,Späher,DE,382.7,+7.9,38/30/4,55.6,59,348.1
2025-07-30,113,green panther,AT,382.1,22,8/10/0,44.4,18,411.2
2025-07-30,114,Ron,CY,380.3,+13.6,43/36/3,54.3,58,357.5
2025-07-30,115,Lord Vader,US,379.3,1,403/350/9,53.5,193,345.8
2025-07-30,116,morias,GR,378.8,-46.4,88/72/3,54.9,95,338.0
2025-07-30,117,Mantis,US,378.0,-56.9,259/226/0,53.4,173,356.0
2025-07-30,118,Venom,US,375.6,+108.5,291/302/2,49.1,149,307.9
2025-07-30,119,olafthueringer,DE,375.5,22,31/22/0,58.5,46,297.3
2025-07-30,120,last_shadow,DE,370.0,2,211/168/6,55.6,154,323.0
2025-07-30,121,Jerry,US,369.4,-26.8,162/143/3,53.1,140,328.4
2025-07-30,122,Yo mamas,BA,369.3,20,26/22/0,54.2,43,362.5
2025-07-30,123,HazMate14,AU,368.3,1,132/112/4,54.0,117,366.2
2025-07-30,124,match angler,GR,368.3,-21.2,338/280/2,54.7,179,342.5
2025-07-30,125,Bejita-sama,BE,366.5,18,220/213/4,50.8,185,304.5
2025-07-30,126,HrTaschenbier,DE,366.4,2,155/160/13,49.2,145,309.0
2025-07-30,127,Jovo,IT,365.9,-6.3,72/63/2,53.3,88,320.6
2025-07-30,128,Rexxxer,NL,364.0,+42.4,214/252/1,45.9,164,288.2
2025-07-30,129,PHAETHON,GR,362.3,-15.2,96/86/13,52.6,105,375.8
2025-07-30,130,MacyTheBlackCAT,US,361.9,+1.9,533/522/27,50.5,232,344.3
2025-07-30,131,Archimedes,US,361.3,9,26/21/0,55.3,34,310.6
2025-07-30,132,AmazingGeorges,CA,358.4,-3.7,289/260/11,52.6,175,356.2
2025-07-30,133,BIGBOOM,US,357.8,1,49/35/1,58.2,57,290.1
2025-07-30,134,Unflagged,ZZ,355.9,2,83/82/8,50.3,96,335.7
2025-07-30,135,Bad Milo,NL,355.6,21,50/63/2,44.3,79,394.2
2025-07-30,136,Eise the Great,NL,353.4,1,74/59/1,55.6,83,291.7
2025-07-30,137,GORLAMI,ZZ,351.6,-50.5,390/285/33,57.4,200,307.5
2025-07-30,138,Roger Oncemore II,DE,351.1,+5.7,97/83/6,53.8,105,363.0
2025-07-30,139,McReady,ES,349.6,-87.9,734/551/23,57.0,245,330.2
2025-07-30,140,WICKED LESTER,US,346.1,+19.6,134/151/5,47.1,140,314.1
2025-07-30,141,bobstack,US,342.8,+19.8,55/37/3,59.5,74,225.4
2025-07-30,142,nigrita222,GR,340.6,1,47/50/6,48.5,69,357.2
2025-07-30,143,count floyd,IT,339.2,1,115/160/7,42.0,93,441.8
2025-07-30,144,Pizza70 wow,IT,336.6,-10.8,536/523/10,50.6,230,286.5
2025-07-30,145,Coyote,AR,334.1,-27.8,55/49/1,52.9,66,351.7
2025-07-30,146,SmokingGun,SY,333.8,-46.1,173/179/3,49.2,154,315.2
2025-07-30,147,Tomjonas,VA,333.0,-32.6,245/249/4,49.6,185,315.9
2025-07-30,148,tepechimilpa,ZZ,332.8,+3.4,29/19/0,60.4,40,308.5
2025-07-30,149,dindo,MT,327.6,+35.2,400/358/14,52.7,224,307.6
2025-07-30,150,schnobi,CH,326.7,+7.5,378/502/16,43.1,226,339.9
2025-07-30,151,CORNERFLAGLEFT,ZZ,322.8,-38.7,220/172/3,56.1,139,355.6
2025-07-30,152,fungio,ZZ,318.0,1,162/164/4,49.7,145,309.1
2025-07-30,153,Swordfish,US,317.7,3,138/131/2,51.3,118,327.3
2025-07-30,154,KarnaVNP,SR,317.3,1,9/13/0,40.9,21,344.8
2025-07-30,155,gin_toxic,BE,316.4,3,14/15/1,48.3,29,338.3
2025-07-30,156,jackie,US,315.5,+3.4,1019/856/15,54.3,271,329.5
2025-07-30,157,player-mag,BE,314.7,23,12/4/0,75.0,14,190.4
2025-07-30,158,OZZZY,CA,312.9,1,61/63/8,49.2,67,312.5
2025-07-30,159,Petra,US,311.4,14,4/12/2,27.8,16,392.7
2025-07-30,160,Biber1,DE,311.2,12,26/23/1,53.0,42,282.4
2025-07-30,161,aaron5000,US,311.1,2,53/55/1,49.1,72,270.8
2025-07-30,162,Tilor,US,308.5,+10.8,140/120/11,53.7,120,303.0
2025-07-30,163,skl,ZZ,308.0,-12.8,335/224/2,59.9,169,257.7
2025-07-30,164,Nikiforos Fokas,GR,307.9,+16.9,295/358/4,45.2,215,346.5
2025-07-30,165,Dokimos12,GR,304.0,1,155/206/4,43.0,148,345.9
2025-07-30,166,ijs,NL,303.3,3,33/39/0,45.8,56,288.9
2025-07-30,167,Do Not Panic@,NL,303.1,-5.9,336/380/19,47.0,199,352.4
2025-07-30,168,TemplateRex,NL,303.1,6,33/26/0,55.9,42,255.8
2025-07-30,169,Dimitrisp,GR,302.6,-13.9,111/105/2,51.4,122,289.2
2025-07-30,170,Noscope420,US,300.8,11,13/8/0,61.9,18,290.3
2025-07-30,171,DAG1105,CL,300.6,-25.4,465/415/4,52.8,197,313.1
2025-07-30,172,FelixG,MX,299.7,+6.8,102/106/0,49.0,114,329.3
2025-07-30,173,T Kościuszko,PL,298.9,+48.1,72/57/3,55.7,84,242.0
2025-07-30,174,Colinbbost,GR,297.3,12,58/57/10,50.4,87,298.6
2025-07-30,175,floki,BE,297.1,1,79/100/2,44.2,101,345.3
2025-07-30,176,Tooney13!,SB,291.1,+17.7,164/173/6,48.7,150,283.7
2025-07-30,177,Goldeneyes,HU,290.9,-1.5,132/127/2,51.0,140,305.0
2025-07-30,178,Isi,GR,290.4,-10.5,108/196/2,35.6,133,348.2
2025-07-30,179,Commish,US,290.3,+2.9,389/404/8,49.1,211,318.5
2025-07-30,180,Timmy,GB,290.2,+5.6,133/121/6,52.3,123,325.6
2025-07-30,181,Pepicio,ES,288.4,-1.9,56/64/0,46.7,61,303.6
2025-07-30,182,johnny d,GR,288.1,+16.1,491/550/16,47.2,252,295.9
2025-07-30,183,Thanathos,IT,286.0,-17.7,394/344/2,53.4,199,299.1
2025-07-30,184,BigBack,ZZ,284.7,+22.1,14/9/0,60.9,15,273.6
2025-07-30,185,Cat-hunter,CX,283.1,+12.3,402/368/20,52.2,222,298.5
2025-07-30,186,anthoula,IS,281.3,1,42/48/2,46.7,70,281.0
2025-07-30,187,Nickie,BE,280.3,6,11/12/0,47.8,22,245.9
2025-07-30,188,Simply The Best,US,278.3,-12.6,140/120/2,53.8,133,279.8
2025-07-30,189,theoneandonly,ZZ,277.8,+22.6,211/245/8,46.3,174,272.0
2025-07-30,190,johnkord,GR,277.6,24,22/23/0,48.9,38,292.5
2025-07-30,191,Lord Darth invader,FR,274.6,28,7/8/0,46.7,13,361.6
2025-07-30,192,Jack*Of*Trades,US,273.8,1,246/290/2,45.9,181,285.6
2025-07-30,193,GIANNIS P.,GR,271.4,1,42/52/2,44.8,73,297.4
2025-07-30,194,joeli,DE,271.0,8,67/75/2,47.2,86,335.3
2025-07-30,195,LSR70,BE,270.8,-13.7,542/566/41,49.0,230,340.0
2025-07-30,196,thdeu,US,270.2,-16.9,177/155/2,53.3,139,293.3
2025-07-30,197,alkisagg,CA,269.4,4,139/190/0,42.2,153,287.3
2025-07-30,198,philchillas,ZZ,269.2,+20.7,175/227/2,43.6,169,306.1
2025-07-30,199,Kloppo09,DE,269.0,1,60/92/3,39.7,89,326.3
2025-07-30,200,FBI,AU,268.7,+13.3,207/302/6,40.8,190,267.1
2025-07-30,201,RadicalLibre,DO,268.3,+17.7,143/166/5,46.3,125,246.1
2025-07-30,202,hakster,ZZ,266.1,21,142/193/5,42.5,141,289.5
2025-07-30,203,dyrson,BR,264.5,+1.3,346/465/7,42.7,229,313.1
2025-07-30,204,chouine,CA,260.9,1,10/5/0,66.7,15,307.7
2025-07-30,205,BRUHEGUS911,RU,257.4,-6.1,68/143/3,32.5,98,286.0
2025-07-30,206,TheKing,BE,256.9,2,42/56/4,43.1,71,311.2
2025-07-30,207,Dirk Drent,ZZ,255.8,7,19/21/0,47.5,30,291.4
2025-07-30,208,Kranevitter,NL,253.1,-16.2,276/263/19,51.2,195,313.5
2025-07-30,209,ironman,BE,252.8,1,62/67/8,48.2,77,286.6
2025-07-30,210,dalee,GR,248.6,4,14/24/0,36.8,31,316.6
2025-07-30,211,Bratwurst,DE,246.4,9,7/8/0,46.7,13,376.7
2025-07-30,212,VelvetLucky13,NU,244.5,7,35/46/6,43.7,59,297.1
2025-07-30,213,Miss Aida,US,243.7,-8.6,291/259/8,52.9,181,222.2
2025-07-30,214,Gecko,CA,243.3,2,12/10/1,54.3,18,246.5
2025-07-30,215,Grobu,GB,237.8,+2.1,83/204/0,28.9,126,303.7
2025-07-30,216,jaxr,AW,236.1,-2.9,38/55/0,40.9,70,291.6
2025-07-30,217,TheSweetieMan,US,236.0,-1.2,128/177/5,42.1,161,317.1
2025-07-30,218,Dunk90,US,233.7,1,226/281/1,44.6,150,299.1
2025-07-30,219,Darth Lord,US,233.3,1,18/14/0,56.3,24,163.7
2025-07-30,220,(umdisclosed),ZZ,232.0,28,57/74/0,43.5,82,317.3
2025-07-30,221,Ready Player One,US,230.7,+13.9,150/273/2,35.5,156,305.9
2025-07-30,222,CWJ,ZZ,230.0,-39.2,165/169/3,49.4,147,294.7
2025-07-30,223,artav,US,228.9,+10.9,153/154/2,49.8,134,298.8
2025-07-30,224,johnk1970,GR,227.3,7,11/21/1,34.8,27,376.4
2025-07-30,225,Zman,US,223.6,-15.9,51/91/1,36.0,94,307.1
2025-07-30,226,Virtual Hero,BE,215.4,8,137/194/1,41.4,178,294.2
2025-07-30,227,ajax,NL,215.4,-16.5,123/172/5,41.8,130,302.1
2025-07-30,228,Sicosi25,PA,213.6,-11.2,154/233/2,39.8,165,311.9
2025-07-30,229,MagezuficA,BA,213.6,+7.9,449/849/11,34.7,261,320.1
2025-07-30,230,HARALD,BE,213.4,+23.3,400/490/13,45.0,235,249.3
2025-07-30,231,cycy17,BE,212.8,1,120/208/1,36.6,165,324.8
2025-07-30,232,dings,NL,211.6,+18.9,161/285/5,36.3,155,296.5
2025-07-30,233,Sober_Killer,US,211.3,2,60/87/0,40.8,88,333.5
2025-07-30,234,Smiley,NL,210.4,-3.1,31/38/1,45.0,55,256.7
2025-07-30,235,Winxii,MT,209.6,29,13/10/0,56.5,22,259.5
2025-07-30,236,player-mgk,BE,208.3,27,29/46/2,39.0,54,312.0
2025-07-30,237,Enhordes,GR,207.2,+27.3,238/394/21,38.1,176,294.4
2025-07-30,238,Homer,ES,207.1,5,49/63/3,43.9,78,296.5
2025-07-30,239,Cannon,UA,205.9,2,443/842/20,34.7,256,339.0
2025-07-30,240,Redeyes,GR,205.9,-0.1,224/405/8,35.8,204,300.3
2025-07-30,241,Playerr007,ZZ,205.4,5,13/7/0,65.0,16,192.9
2025-07-30,242,ConKord,GR,204.3,-25.8,603/624/16,49.2,257,274.8
2025-07-30,243,Knightsnake,US,204.2,-20.2,8/8/0,50.0,16,194.9
2025-07-30,244,SKOOGLE,IS,204.0,2,125/319/3,28.3,184,315.9
2025-07-30,245,Yanis,GR,202.4,-0.9,200/300/3,40.1,193,307.8
2025-07-30,246,fazi,AT,201.9,+5.8,128/174/7,42.6,138,300.4
2025-07-30,247,unreachableNO1,GR,201.5,1,63/100/4,38.9,104,301.6
2025-07-30,248,1976Diamonds,GR,200.8,-40.9,112/139/2,44.7,104,301.8
2025-07-30,249,Pretzel Logic,BS,200.5,3,456/703/7,39.4,260,318.3
2025-07-30,250,Bojak,IL,200.1,+17.3,262/538/8,32.9,216,316.8
2025-07-30,251,jim,FM,196.2,13,10/5/0,66.7,15,186.3
2025-07-30,252,Player4992-eri,ZZ,190.7,10,113/160/3,41.5,125,269.3
2025-07-30,253,The courtier,BR,183.9,+24.7,414/781/2,34.7,237,312.3
2025-07-30,254,HUH?,DE,183.5,-9.2,66/98/4,40.5,102,274.8
2025-07-30,255,Blue Tom,AT,183.4,3,20/36/1,36.0,43,312.9
2025-07-30,256,balou,BE,182.4,-33.3,148/210/4,41.4,160,234.2
2025-07-30,257,KCore,ES,180.0,+3.6,111/143/1,43.7,107,258.4
2025-07-30,258,MURAT,IT,178.5,+5.4,19/27/1,41.5,30,277.2
2025-07-30,259,Babycorn,US,176.5,+11.7,47/98/2,32.7,81,317.7
2025-07-30,260,Moneymaker,US,175.1,-31.4,113/118/0,48.9,124,238.1
2025-07-30,261,Major Skillissue,AQ,174.3,4,11/18/0,37.9,25,303.0
2025-07-30,262,R1sky Bus1ness,US,174.2,+17.3,37/67/3,36.0,69,269.2
2025-07-30,263,Branko Jevremov,RS,174.1,+1.8,89/163/5,35.6,132,317.5
2025-07-30,264,duku77,NL,171.6,2,59/98/2,37.7,108,287.3
2025-07-30,265,Joker,LU,171.5,-49.8,460/689/25,40.2,245,266.2
2025-07-30,266,Ray Ving,ZZ,169.2,2,106/181/0,36.9,127,262.2
2025-07-30,267,Blackstar,DE,169.1,2,10/6/0,62.5,15,204.4
2025-07-30,268,CNY,US,167.9,-3.3,76/115/7,40.2,110,254.3
2025-07-30,269,FLAFLOS,GR,167.6,23,50/92/2,35.4,91,330.2
2025-07-30,270,Flagon,ES,165.9,+13.5,34/35/0,49.3,56,214.0
2025-07-30,271,Rayley3,CA,162.5,+15.1,16/27/0,37.2,36,289.2
2025-07-30,272,GBigs,CA,159.6,-35.9,12/31/0,27.9,36,294.8
2025-07-30,273,Mello,IT,158.2,+24.2,191/382/3,33.4,186,280.9
2025-07-30,274,SHARK,ZZ,157.1,1,77/202/0,27.6,124,335.6
2025-07-30,275,KAOS Agent,US,152.6,-23.5,196/211/5,48.2,143,237.7
2025-07-30,276,queensbury,US,151.5,+15.7,112/198/4,36.3,140,266.0
2025-07-30,277,Hannibaal Barca,LB,150.9,-13.4,24/61/1,28.5,66,349.2
2025-07-30,278,Al Hakeem,FR,147.4,+23.0,59/105/5,36.4,102,257.7
2025-07-30,279,Yas,FR,146.8,13,110/183/3,37.7,133,314.7
2025-07-30,280,Tamarindo,US,146.6,+23.5,130/244/12,35.2,164,336.6
2025-07-30,281,DeitySlayer,US,144.7,-19.4,79/236/2,25.2,131,321.2
2025-07-30,282,Notorous RSL,CR,144.4,+29.3,273/584/3,31.9,224,292.0
2025-07-30,283,Franz K.,DE,141.9,+4.4,42/79/0,34.7,81,294.2
2025-07-30,284,SlowPony17,CA,135.7,1,11/9/0,55.0,18,189.5
2025-07-30,285,Fairweigh,CX,132.9,-41.0,238/349/15,40.8,170,300.6
2025-07-30,286,DimitrisTr,GR,132.6,-11.2,59/151/4,28.5,116,279.0
2025-07-30,287,alextrip,GR,132.5,10,101/219/2,31.7,148,310.9
2025-07-30,288,Dankan,CH,125.5,-3.1,32/58/4,36.2,66,302.2
2025-07-30,289,Ricardo Rao,BR,123.2,11,5/15/0,25.0,16,362.0
2025-07-30,290,El destructivore,CA,122.2,13,29/61/1,32.4,71,281.1
2025-07-30,291,schive24,US,120.9,18,12/23/0,34.3,30,289.7
2025-07-30,292,fred77,MA,118.3,-18.6,155/438/6,26.4,199,307.3
2025-07-30,293,Odysseus,GR,118.3,9,16/33/0,32.7,36,262.8
2025-07-30,294,davids,ZZ,117.8,18,6/11/0,35.3,13,254.1
2025-07-30,295,Forestman,NL,116.2,-6.5,95/113/2,45.7,116,220.4
2025-07-30,296,Spy Defense,US,115.1,6,134/152/4,46.9,119,166.4
2025-07-30,297,mgz1408,AT,113.9,-6.1,133/210/1,38.8,118,268.6
2025-07-30,298,hrn,CH,111.4,2,6/13/0,31.6,19,359.3
2025-07-30,299,SlipperySquares,US,109.9,16,13/28/0,31.7,33,250.4
2025-07-30,300,General Thompson,US,109.6,+22.2,66/141/0,31.9,118,273.0
2025-07-30,301,Cstone22,US,106.1,19,2/13/0,13.3,14,291.6
2025-07-30,302,#LionWar,BE,104.0,3,21/44/0,32.3,49,303.6
2025-07-30,303,Marckid342,ZZ,103.1,+6.1,287/671/1,30.0,239,282.7
2025-07-30,304,Missed take,ZZ,102.2,5,20/53/0,27.4,53,313.5
2025-07-30,305,FloydPink,US,101.0,25,4/16/0,20.0,18,288.4
2025-07-30,306,400tui,CA,100.0,2,60/222/0,21.3,120,337.5
2025-07-30,307,Astore,IT,99.2,1,137/349/2,28.3,168,316.8
2025-07-30,308,evdog104,PS,99.1,+22.3,74/120/0,38.1,101,224.7
2025-07-30,309,trintingnant,AG,98.2,1,111/250/0,30.7,167,290.8
2025-07-30,310,IRONJAW,US,96.6,1,33/99/1,25.2,91,269.6
2025-07-30,311,Boris,UA,93.9,1,5/21/0,19.2,25,309.9
2025-07-30,312,Shivaanoz,BE,91.7,+11.4,68/165/1,29.3,122,287.5
2025-07-30,313,Sirdabomb123,US,91.6,1,22/71/1,23.9,59,330.7
2025-07-30,314,Fifika_55,GR,87.3,10,8/22/0,26.7,28,277.2
2025-07-30,315,Davmholms,US,87.2,+24.0,127/296/2,30.1,142,254.4
2025-07-30,316,BigJeffyJ,GR,79.6,4,19/49/0,27.9,48,294.2
2025-07-30,317,Viliciri,US,76.6,3,5/9/0,35.7,13,204.7
2025-07-30,318,MegalosStratilatis,GR,74.1,16,31/50/2,38.6,46,122.5
2025-07-30,319,malakoboukoma,GR,71.7,1,79/137/0,36.6,135,307.6
2025-07-30,320,MarshalBlitzer#1,ZZ,70.7,+11.5,280/565/4,33.2,219,269.5
2025-07-30,321,FHBJNRNG,US,66.1,18,4/18/1,19.6,20,301.9
2025-07-30,322,NMN16,AU,66.0,5,17/63/1,21.6,53,324.0
2025-07-30,323,Gmans revenge,US,58.9,12,54/134/0,28.7,93,257.1
2025-07-30,324,arne pellaers,BE,55.3,-4.0,10/27/1,27.6,27,229.7
2025-07-30,325,Debaaf,NL,52.4,17,2/9/0,18.2,11,374.2
2025-07-30,326,ThPicard,DE,49.5,13,49/122/0,28.7,106,309.5
2025-07-30,327,jagger314,BR,44.1,+14.5,27/106/1,20.5,73,267.5
2025-07-30,328,alexzan,GR,35.0,+0.5,6/18/0,25.0,22,282.2
2025-07-30,329,honda08,GR,23.3,1,9/38/1,19.8,37,248.2
2025-07-30,330,Karl XII,SE,20.3,25,39/78/0,33.3,69,199.6
2025-07-30,331,guib543,BE,16.9,-2.0,18/66/1,21.8,61,282.9
2025-07-30,332,AYou,ZZ,14.9,11,3/14/0,17.6,15,323.3
2025-07-30,333,genti89,IT,13.7,16,3/8/0,27.3,10,239.9
2025-07-30,334,ambiorix,BE,6.5,-5.3,70/199/1,26.1,124,268.2
